"MSE";"MAE";"MAPE";"THEIL";"ARV"
"Oracle";8.87954644271262e-06;0.0014500480191202;0.00240031984194834;0.0423791727634967;0.000638080942582884
"SA";0.00035687308462914;0.0148468396854579;0.0257344373047848;1.81226219268852;0.0249300265665411
"SM";0.000250410689345398;0.0126389153135272;0.0225855689236315;1.29105855693564;0.0177254787511323
"DESBED";0.00111874293609422;0.0278334025433205;0.0506212498659811;6.17588208412964;0.0992024837771046
