"MSE";"MAE";"MAPE";"THEIL";"ARV"
"Oracle";0.000277471824075917;0.00687747519113409;0.00840658639762713;0.30154183582798;0.0258370915498366
"SA";0.00193180905147232;0.0335193185542083;0.0390490076774942;2.09933740577863;0.342211149469911
"SM";0.00188477906547386;0.0329073795786255;0.0383991665058728;2.04790409216955;0.320908379112853
"DESBED";0.00150395556255294;0.0294383937927526;0.0355089335348353;1.63440321434444;0.193259217442749
