"MSE";"MAE";"MAPE";"THEIL";"ARV"
"Oracle";0.000281106215164315;0.00694745379145303;0.00869373944609134;0.299531208731011;0.0222795636282172
"SA";0.00190858899465082;0.0332534847217439;0.0396606781641368;2.13206782387042;0.26667198871556
"SM";0.00186702067187892;0.0327408354944131;0.0391443758194547;2.08208520941792;0.252705083224177
"DESBED";0.00343273910736218;0.0476251940102183;0.0557984169024171;3.87896377767732;0.688556137391215
